{
  "raw/github-ltx-2-official.md": 1776058472.7069094,
  "raw/comfyui-ltx-workflow-tutorials.md": 1776058824.9063451,
  "raw/social-reddit-stablediffusion-discussions.md": 1776058436.6701386,
  "raw/papers-citing-ltx-video.md": 1776058832.0348432,
  "raw/ltx-video-096-distillation-milestone.md": 1776058322.957892,
  "raw/comfyui-ltx-node-reference.md": 1776059061.1955233,
  "raw/use-cases-hardware-accessibility.md": 1776058362.406146,
  "raw/integration-cloud-platforms.md": 1776058138.9354644,
  "raw/ltx2-huggingface-ecosystem.md": 1776058922.3447073,
  "raw/use-cases-commercial-creative-research.md": 1776058606.8158417,
  "raw/api-ltx-video-pricing.md": 1776058431.8846653,
  "raw/comfyui-ltx-version-history.md": 1776059252.8852062,
  "raw/hosting-runpod-runcomfy.md": 1776058911.228632,
  "raw/comfyui-manager-ltx-integration.md": 1776058867.3270595,
  "raw/comfyui-ltx-official-nodes.md": 1776058659.8612258,
  "raw/github-ltx-video-official.md": 1776058444.7558508,
  "raw/social-reddit-model-comparisons.md": 1776058490.9532523,
  "raw/ltx2-comfyui-integration.md": 1776058991.3463523,
  "raw/ic-lora-control-framework.md": 1776058565.6682065,
  "raw/ltx-video-architecture-technical.md": 1776058705.1181428,
  "raw/dev-ltx2-image-to-video-guide.md": 1776058668.7467098,
  "raw/competitor-product-desktop-tools.md": 1776058962.3927135,
  "raw/community-project-jetson-thor-deployment.md": 1776058175.3544142,
  "raw/sdk-diffusers-integration.md": 1776058800.2242932,
  "raw/related-work-and-comparisons.md": 1776058608.2751045,
  "raw/comfyui-ltx-two-stage-upscaling-pipeline.md": 1776059162.7243567,
  "raw/community-project-render-benchmarks.md": 1776058536.9987671,
  "raw/api-inference-providers-overview.md": 1776058164.5198996,
  "raw/ltx-api.md": 1776058506.1629524,
  "raw/social-blog-independent-reviews.md": 1776058635.9328578,
  "raw/api-replicate-ltx-video.md": 1776058679.826138,
  "raw/community-project-lora-ecosystem.md": 1776058293.6024516,
  "raw/github-issues-discussions.md": 1776058652.5859046,
  "raw/competitor-product-luma.md": 1776058866.6708677,
  "raw/ltx2-diffusers-pipeline-usage.md": 1776059023.1904771,
  "raw/api-fal-ai-ltx.md": 1776058618.8774476,
  "raw/ltx-video-licensing-and-deployment.md": 1776058444.5289385,
  "raw/community-feedback.md": 1776058596.8062475,
  "raw/ltx2-lora-training-and-iclora.md": 1776059134.8277457,
  "raw/inference-providers-overview.md": 1776058988.484901,
  "raw/lightricks-company.md": 1776058599.3272161,
  "raw/api-huggingface-ltx-video-model-card.md": 1776058529.66059,
  "raw/python-performance-optimization.md": 1776058162.6634107,
  "raw/ltx-video-095-release.md": 1776058754.0179262,
  "raw/community-project-turbo-space.md": 1776058201.2332315,
  "raw/ltx2-benchmarks-and-comparisons.md": 1776059061.4176943,
  "raw/github-community-forks-derivatives.md": 1776058538.449297,
  "raw/dev-comfyui-ltxvideo.md": 1776058874.2347481,
  "raw/ltx-video-model-sizes-inference-hardware.md": 1776058980.2924316,
  "raw/ltx-video-098-release.md": 1776058880.488054,
  "raw/competitor-product-sora.md": 1776058826.973838,
  "raw/community-feedback-feature-requests.md": 1776058649.5254714,
  "raw/api-ltx-video-official-rest-api.md": 1776058417.1163816,
  "raw/ltx-video-distilled-models-and-optimization.md": 1776058233.0340211,
  "raw/api-official-ltx-rest-api.md": 1776058484.3528214,
  "raw/api-comfyui-ltx-video.md": 1776057992.3749392,
  "raw/dev-ltx2-text-to-video-guide.md": 1776058651.582216,
  "raw/ltx-video-all-versions-overview.md": 1776058050.6669703,
  "raw/tutorial-lora-training-quick-start.md": 1776058663.323356,
  "raw/integration-diffusers.md": 1776058125.952275,
  "raw/nvidia-partnership.md": 1776058743.2451637,
  "raw/github-code-structure-architecture.md": 1776058623.3504896,
  "raw/ltx-video-training-data-and-methodology.md": 1776058406.2269335,
  "raw/python-diffusers-pipeline.md": 1776058809.7787611,
  "raw/benchmark-results.md": 1776058670.4112778,
  "raw/ltx-video-multiscale-rendering.md": 1776059138.3196292,
  "raw/competitor-model-hunyuan-video.md": 1776058499.4704025,
  "raw/cloud-deployment-platforms.md": 1776058710.859608,
  "raw/community-adoption-metrics.md": 1776058085.1364055,
  "raw/sdk-python-ltx-video-github.md": 1776058650.6191442,
  "raw/ltx2-community-reception.md": 1776059102.673336,
  "raw/lightricks-research-overview.md": 1776058512.4693735,
  "raw/python-lora-training-guide.md": 1776058245.196245,
  "raw/comfyui-ltx-awesome-resources.md": 1776059302.440341,
  "raw/ltx2-capabilities-and-specifications.md": 1776058827.8021119,
  "raw/community-project-gemini-comfyui-workflow.md": 1776058469.7090182,
  "raw/creative-showcase-official-lora-demos.md": 1776058434.6215687,
  "raw/api-docs-sitemap.md": 1776058680.8699708,
  "raw/ltx-studio-platform.md": 1776058820.1573858,
  "raw/hosting-modal-ltx-video.md": 1776058891.3713524,
  "raw/ltx-video-capabilities-resolution-fps.md": 1776058149.0745697,
  "raw/community-project-lora-training-tools.md": 1776058622.628778,
  "raw/api-segmind-ltx-video.md": 1776058817.510534,
  "raw/ltx-video-spatial-upscaler-097.md": 1776058250.6433637,
  "raw/tutorials-and-guides.md": 1776058566.2726765,
  "raw/community-project-camera-control-loras.md": 1776058231.1770136,
  "raw/dev-ltx2-iclora-guide.md": 1776058574.3334265,
  "raw/api-huggingface-ltx-2-model-card.md": 1776058558.9550312,
  "raw/ltx-ecosystem-overview.md": 1776058618.921361,
  "raw/dev-ltx2-comfyui-quickstart.md": 1776058636.5234847,
  "raw/api-ltx-video-prompting-guide.md": 1776058449.7434866,
  "raw/dev-ltx2-open-source-overview.md": 1776058508.7994435,
  "raw/ltx-video-097-release.md": 1776058855.3357224,
  "raw/architecture-video-dit-vae.md": 1776058616.273609,
  "raw/comfyui-ltx-community-nodes.md": 1776058714.3246472,
  "raw/api-ltx-video-errors-reference.md": 1776058610.57345,
  "raw/python-code-examples.md": 1776058552.553281,
  "raw/sdk-ltx2-pytorch-native.md": 1776058491.8231537,
  "raw/social-lora-training-community-ecosystem.md": 1776058745.9528458,
  "raw/training-methodology.md": 1776058642.5126402,
  "raw/api-fal-ai-ltx-video.md": 1776057929.7121153,
  "raw/ltx-video-version-changelog-improvements.md": 1776058383.542817,
  "raw/comfyui-ltx-audio-video-generation.md": 1776059207.600598,
  "raw/use-cases-lora-training-finetuning.md": 1776058517.6343625,
  "raw/ltx-video-13b-launch-press.md": 1776059098.3458948,
  "raw/dev-ltx2-system-requirements.md": 1776058593.9026635,
  "raw/performance-optimization.md": 1776058875.0789168,
  "raw/ltx2-api-access-and-pricing.md": 1776058956.3593166,
  "raw/comfyui-ltx-comparison-video-models.md": 1776058996.3176222,
  "raw/third-party-lora-training-services.md": 1776058677.9010303,
  "raw/social-hackernews-discussions.md": 1776058657.414343,
  "raw/python-model-variants-overview.md": 1776058420.394475,
  "raw/integration-python-pipelines.md": 1776058938.7621195,
  "raw/social-youtube-tutorials-reviews.md": 1776058549.2007346,
  "raw/paper-ltx-2.3-technical.md": 1776058574.6461039,
  "raw/ltx-models-ltxv-ltx2.md": 1776058486.9868124,
  "raw/ltx-video-098-release-variants.md": 1776058204.4686935,
  "raw/api-github-repository.md": 1776057929.7024496,
  "raw/python-advanced-usage.md": 1776058297.495054,
  "raw/ltx-comfyui-plugin.md": 1776058527.4405262,
  "raw/github-community-tools-wrappers.md": 1776058581.6786845,
  "raw/ltx-video-trainer.md": 1776058645.874308,
  "raw/ltx-video-097-release-and-13b-upgrade.md": 1776058180.0294676,
  "raw/discord-community.md": 1776058803.479499,
  "raw/community-project-community-models-finetunes.md": 1776058322.0393,
  "raw/architecture-video-dit-transformer.md": 1776058364.3105426,
  "raw/competitor-model-animatediff.md": 1776058629.851708,
  "raw/community-huggingface-spaces-ecosystem.md": 1776058494.3088543,
  "raw/competitor-product-kling.md": 1776058779.4492676,
  "raw/competitor-product-runway.md": 1776058706.5747507,
  "raw/comfyui-ltx-lora-training-control.md": 1776059118.1816077,